type,name,module,path,hash
"yaml","manifest","_config","_config/manifest.yaml","2dcc26a24041144fa12176acf1564ef1c5eb06baf824970227fcf63244f4066b"
"csv","documentation-requirements","bmm","bmm/1-analysis/bmad-document-project/documentation-requirements.csv","d1253b99e88250f2130516b56027ed706e643bfec3d99316727a4c6ec65c6c1d"
"csv","module-help","bmm","bmm/module-help.csv","ad4373d7e58a31aaef601ae39cf76b26bae7fd420b108e44660427384652d4bf"
"html","validation-report-template","bmm","bmm/2-plan-workflows/bmad-prd/assets/validation-report-template.html","a80becdd8205d2d7c18738855830b096172a496b96b5ca8a0820ec55c9bb8bf9"
"html","validation-report-template","bmm","bmm/2-plan-workflows/bmad-ux/assets/validation-report-template.html","8656945636fabe96624f8ef8fce931b073b5aecbe42d490584c1d5c7f31e1353"
"json","bmad-manifest","bmm","bmm/1-analysis/bmad-prfaq/bmad-manifest.json","7908cab6f0cd66f1f3427b4cc659975b4737bdc44f789b23c6a895fcd084c4bc"
"json","project-scan-report-schema","bmm","bmm/1-analysis/bmad-document-project/templates/project-scan-report-schema.json","8466965321f1db22f5013869636199f67e0113706283c285a7ffbbf5efeea321"
"md","artifact-analyzer","bmm","bmm/1-analysis/bmad-prfaq/agents/artifact-analyzer.md","7bdc44830f8d593346ec0ee15e36e1e431432fcc6c38b70bb861999315c9cfa4"
"md","brief-template","bmm","bmm/1-analysis/bmad-product-brief/assets/brief-template.md","bb28edf75d023067551c8d417b19b8803324e7acfb2ad0c80f882e9134f4c1f1"
"md","checklist","bmm","bmm/1-analysis/bmad-document-project/checklist.md","581b0b034c25de17ac3678db2dbafedaeb113de37ddf15a4df6584cf2324a7d7"
"md","checklist","bmm","bmm/4-implementation/bmad-correct-course/checklist.md","3e082b95def90ccb876e3101ce0bbaf797a0f03a9471e1347361897f27977327"
"md","checklist","bmm","bmm/4-implementation/bmad-create-story/checklist.md","b94e28e774c3be0288f04ea163424bece4ddead5cd3f3680d1603ed07383323a"
"md","checklist","bmm","bmm/4-implementation/bmad-dev-story/checklist.md","630b68c6824a8785003a65553c1f335222b17be93b1bd80524c23b38bde1d8af"
"md","checklist","bmm","bmm/4-implementation/bmad-qa-generate-e2e-tests/checklist.md","b58f810aeb1040c2f6758c88aa133afce72f8cc178d3d97ff0fbaa3d943057dc"
"md","checklist","bmm","bmm/4-implementation/bmad-sprint-planning/checklist.md","11b0b1ff20657b8e7d1f3377a88f102446112f617f5d0e91ab1595a977714a97"
"md","color-themes","bmm","bmm/2-plan-workflows/bmad-ux/assets/color-themes.md","48fac7943e8584ccf7dd1bcdfdfd4513366a086a3a84965b6b302ccf6607c171"
"md","compile-epic-context","bmm","bmm/4-implementation/bmad-dev-auto/compile-epic-context.md","fa300a04e9b1f494314ddde443678affb2ac1965e2ac07dc4d6bb64316998466"
"md","compile-epic-context","bmm","bmm/4-implementation/bmad-quick-dev/compile-epic-context.md","5cfda02f252941e415b80c57b4528f46226b3cbf456ad45d78fcb5a7ef4816e2"
"md","creative-tools","bmm","bmm/2-plan-workflows/bmad-ux/references/creative-tools.md","349b6b5e8353c2fa1efe7caa49cca50577900f55f32005ccd6f7b43e4daec558"
"md","customer-faq","bmm","bmm/1-analysis/bmad-prfaq/references/customer-faq.md","96f8565197649c58908a1d61b6cd805fd01f57da7945ba889c18d087ad597aeb"
"md","deep-dive-instructions","bmm","bmm/1-analysis/bmad-document-project/workflows/deep-dive-instructions.md","a79e24b93a25ab456062916a9dad7b6a16dc43ac0b4b555700d3c3751cff0d25"
"md","deep-dive-template","bmm","bmm/1-analysis/bmad-document-project/templates/deep-dive-template.md","6198aa731d87d6a318b5b8d180fc29b9aa53ff0966e02391c17333818e94ffe9"
"md","deep-dive-workflow","bmm","bmm/1-analysis/bmad-document-project/workflows/deep-dive-workflow.md","a64d98dfa3b771df2853c4fa19a4e9c90d131e409e13b4c6f5e494d6ac715125"
"md","design-directions","bmm","bmm/2-plan-workflows/bmad-ux/assets/design-directions.md","eab73b948da76a27abc908e1e7d6b124e8ff0362e6dd1990f7e60b9541cbcb98"
"md","design-example-editorial","bmm","bmm/2-plan-workflows/bmad-ux/assets/design-example-editorial.md","a659166845b1a4ed3f9aef942c5935537a97382b10303684fbb78ed86265870e"
"md","design-example-mobile","bmm","bmm/2-plan-workflows/bmad-ux/assets/design-example-mobile.md","a93fb9f114f2e83af0c961c0d7909b3859fc80bcd713715517cd639a53a0372a"
"md","design-example-shadcn","bmm","bmm/2-plan-workflows/bmad-ux/assets/design-example-shadcn.md","25e0dfb2bb21483973a8f0a6ed650288b3dc2ae5ed02aa0f091bb9b6b0b39fc0"
"md","design-md-spec","bmm","bmm/2-plan-workflows/bmad-ux/references/design-md-spec.md","d04d5f663607aba3f3181e818ae33856e6caf5e560dcb16fa64ed80b7cf3d590"
"md","discover-inputs","bmm","bmm/4-implementation/bmad-create-story/discover-inputs.md","dfedba6a8ea05c9a91c6d202c4b29ee3ea793d8ef77575034787ae0fef280507"
"md","epics-template","bmm","bmm/3-solutioning/bmad-create-epics-and-stories/templates/epics-template.md","a804f740155156d89661fa04e7a4264a8f712c4dc227c44fd8ae804a9b0f6b72"
"md","excalidraw-wireframe","bmm","bmm/2-plan-workflows/bmad-ux/assets/excalidraw-wireframe.md","660bbcdebff50cd044a3752eda43f3cb303aca4b0f521b55a270da93b89ddb18"
"md","experience-example-mobile","bmm","bmm/2-plan-workflows/bmad-ux/assets/experience-example-mobile.md","f8cd54c92193cd8c34a472df9c212ac7330976f6a115b729721dcb60034dc4f0"
"md","experience-example-shadcn","bmm","bmm/2-plan-workflows/bmad-ux/assets/experience-example-shadcn.md","d6ca16e87b768e8b41f352c02ee08af21d7cdac04ca21e6ae1556864b4d27590"
"md","explain-concept","bmm","bmm/1-analysis/bmad-agent-tech-writer/explain-concept.md","6ea82dbe4e41d4bb8880cbaa62d936e40cef18f8c038be73ae6e09c462abafc9"
"md","full-scan-instructions","bmm","bmm/1-analysis/bmad-document-project/workflows/full-scan-instructions.md","2235945df2ae261265187447ce593238e132a026a9b88d3507a1f1d6808a0263"
"md","full-scan-workflow","bmm","bmm/1-analysis/bmad-document-project/workflows/full-scan-workflow.md","3bff88a392c16602bd44730f32483505e73e65e46e82768809c13a0a5f55608b"
"md","generate-trail","bmm","bmm/4-implementation/bmad-checkpoint-preview/generate-trail.md","4a5936d86fbe5a85285b4535097b1e2edda8849da35586f4b588a982d7224459"
"md","headless","bmm","bmm/2-plan-workflows/bmad-prd/references/headless.md","4dad58ebee63933a53179016513ff94d143ce9f68e226489d390e2c36bf1d848"
"md","headless","bmm","bmm/2-plan-workflows/bmad-ux/references/headless.md","8da7e23d269b1644f45b5104a243a6a27fd8d075aebb95d9b7752f0d143f0f5d"
"md","headless","bmm","bmm/3-solutioning/bmad-architecture/references/headless.md","4db2708f335c94cb024b5eba022b1e3d88b1ec61c94c4716626d9b89684f5833"
"md","headless-schemas","bmm","bmm/2-plan-workflows/bmad-prd/assets/headless-schemas.md","8d3621333a72400512bd62511bc4c73fc745711505e1f852c697ff8c5fa2de93"
"md","headless-schemas","bmm","bmm/2-plan-workflows/bmad-ux/assets/headless-schemas.md","e3a773dde85286f1a6f6dd8b26fc17e09ccea96f6257dfe7fb436353cd79242d"
"md","index-template","bmm","bmm/1-analysis/bmad-document-project/templates/index-template.md","42c8a14f53088e4fda82f26a3fe41dc8a89d4bcb7a9659dd696136378b64ee90"
"md","instructions","bmm","bmm/1-analysis/bmad-document-project/instructions.md","9f4bc3a46559ffd44289b0d61a0f8f26f829783aa1c0e2a09dfa807fa93eb12f"
"md","internal-faq","bmm","bmm/1-analysis/bmad-prfaq/references/internal-faq.md","26eb83f844cda1ed8efb50f4703d61713ada8a64bd27eb387f759f858b5748de"
"md","key-screens","bmm","bmm/2-plan-workflows/bmad-ux/assets/key-screens.md","ff1c5060673dd595edd61e76806bae876264ec6895c2eaadf8a6190785bf5f7b"
"md","mermaid-gen","bmm","bmm/1-analysis/bmad-agent-tech-writer/mermaid-gen.md","1d83fcc5fa842bc31ecd9fd7e45fbf013fabcadf0022d3391fff5b53b48e4b5d"
"md","prd-template","bmm","bmm/2-plan-workflows/bmad-prd/assets/prd-template.md","41e77bd5c4ee81c3f383b55d6f515147afc9c4bd1a3317ddf55a9282deae495c"
"md","prd-validation-checklist","bmm","bmm/2-plan-workflows/bmad-prd/assets/prd-validation-checklist.md","41d9f09064772a92ec908d970618e47ba63dc86b5c5a1a21d5a2c676d3ba8e3f"
"md","press-release","bmm","bmm/1-analysis/bmad-prfaq/references/press-release.md","c406adb0e2d2cc326cbc45d0174f89d014523448ad82bc272293999d22aec596"
"md","prfaq-template","bmm","bmm/1-analysis/bmad-prfaq/assets/prfaq-template.md","b27e6964f0437ab4e78c8c0ffbe5052c28e3b3ef2fc811726cbb394d5a5c7559"
"md","project-context-template","bmm","bmm/3-solutioning/bmad-generate-project-context/project-context-template.md","54e351394ceceb0ac4b5b8135bb6295cf2c37f739c7fd11bb895ca16d79824a5"
"md","project-overview-template","bmm","bmm/1-analysis/bmad-document-project/templates/project-overview-template.md","a7c7325b75a5a678dca391b9b69b1e3409cfbe6da95e70443ed3ace164e287b2"
"md","readiness-report-template","bmm","bmm/3-solutioning/bmad-check-implementation-readiness/templates/readiness-report-template.md","0da97ab1e38818e642f36dc0ef24d2dae69fc6e0be59924dc2dbf44329738ff6"
"md","research.template","bmm","bmm/1-analysis/research/bmad-domain-research/research.template.md","507bb6729476246b1ca2fca4693986d286a33af5529b6cd5cb1b0bb5ea9926ce"
"md","research.template","bmm","bmm/1-analysis/research/bmad-market-research/research.template.md","507bb6729476246b1ca2fca4693986d286a33af5529b6cd5cb1b0bb5ea9926ce"
"md","research.template","bmm","bmm/1-analysis/research/bmad-technical-research/research.template.md","507bb6729476246b1ca2fca4693986d286a33af5529b6cd5cb1b0bb5ea9926ce"
"md","reviewer-gate","bmm","bmm/3-solutioning/bmad-architecture/references/reviewer-gate.md","d32e32a3c1d59b5612b947004f3f6fef1117a13ce9f1ffa428d616e0b5d4db69"
"md","SKILL","bmm","bmm/1-analysis/bmad-agent-analyst/SKILL.md","fca38a404e79508ebc39235d0162bcb475b02407a913e3e5bd8c5526b2b261a6"
"md","SKILL","bmm","bmm/1-analysis/bmad-agent-tech-writer/SKILL.md","7544242ff68d0ddfd466274f40ae9f3b0ea06ee5f5f938f68f953e19b3598cd7"
"md","SKILL","bmm","bmm/1-analysis/bmad-document-project/SKILL.md","806d73f66a8f3f3e7b3cbd3b9a87ad4d8b9aabd3ff91f37c96edef36a17aa2b3"
"md","SKILL","bmm","bmm/1-analysis/bmad-prfaq/SKILL.md","353da1cc8837e880c7f41b636a1bd38086c56a91d59798b13f5d6168f0021de4"
"md","SKILL","bmm","bmm/1-analysis/bmad-product-brief/SKILL.md","0d569d109cd61a8056374d1f3f3980188407983772544ab81f4ff6b18e798508"
"md","SKILL","bmm","bmm/1-analysis/research/bmad-domain-research/SKILL.md","2308f7e21f78d7f2ed43d560dbcdbfa2af236d6a81988495f28baf0e81a03206"
"md","SKILL","bmm","bmm/1-analysis/research/bmad-market-research/SKILL.md","13f2c2148061dc6688c4c9d81b5e5b98fbfe4d7294eba0daa0cac5b17f7a0593"
"md","SKILL","bmm","bmm/1-analysis/research/bmad-technical-research/SKILL.md","290c5aec88886a623f620e59e43090d11791b0fade357bae2b9de9ae510d3159"
"md","SKILL","bmm","bmm/2-plan-workflows/bmad-agent-pm/SKILL.md","e2ebea0bf6ee158fcb9e62731a185983f2ac59f664940f4f4320cf10e1bbdf92"
"md","SKILL","bmm","bmm/2-plan-workflows/bmad-agent-ux-designer/SKILL.md","d780ae59b9fb7e3a94c5ffe4ec75f90942d4a9a3944af4b36c2d279fdd7801db"
"md","SKILL","bmm","bmm/2-plan-workflows/bmad-create-prd/SKILL.md","143c5c2d85734021db343ff3dbf143e804eddbf9fb519fb824b70f1a9154767d"
"md","SKILL","bmm","bmm/2-plan-workflows/bmad-edit-prd/SKILL.md","31ecfe3c16513d994e44e648a7f2d4f4a6ccf297ca6c1826aa68ef7b053e7ff2"
"md","SKILL","bmm","bmm/2-plan-workflows/bmad-prd/SKILL.md","85f0a3ea5fee06fcaef5ff34d6b194b265fe0d31ffd7610a9c9a0134bf0b21ce"
"md","SKILL","bmm","bmm/2-plan-workflows/bmad-ux/SKILL.md","250d2794f2b8e316bb1ba4666f0728970afd8a5d2707ac1cceac6c21e63730b6"
"md","SKILL","bmm","bmm/2-plan-workflows/bmad-validate-prd/SKILL.md","931439b8c84bc454d0596a1ad35d6583c1926c941f2928c54b31aea702c24b53"
"md","SKILL","bmm","bmm/3-solutioning/bmad-agent-architect/SKILL.md","82bbf22ff3a4571741c9339ae6b7c35676a6e26a3237ceca487abe85369e91a0"
"md","SKILL","bmm","bmm/3-solutioning/bmad-architecture/SKILL.md","a56c7a0abc45e1dba719ae5e66b7169a1098b403e7fd69b30c19f16c12cddc6a"
"md","SKILL","bmm","bmm/3-solutioning/bmad-check-implementation-readiness/SKILL.md","a7e12eae2bdb5a95cc0534e6d5bf58e7ce4b947327a494d475ef98e67f03718a"
"md","SKILL","bmm","bmm/3-solutioning/bmad-create-architecture/SKILL.md","4b1673582dc8e0957b559cece14f048c0c995874b79ad255f033b36b2b789eb0"
"md","SKILL","bmm","bmm/3-solutioning/bmad-create-epics-and-stories/SKILL.md","4ec9ec255c2c0e97ae912342ae1445318e672aa1c2a9e412806b7d7ef7d5a6a7"
"md","SKILL","bmm","bmm/3-solutioning/bmad-generate-project-context/SKILL.md","f25e05d8c3923f331f96a73e6ba8bb8b055b5ca2aa548402a3b633141b8dea21"
"md","SKILL","bmm","bmm/4-implementation/bmad-agent-dev/SKILL.md","54ab6d9d60d7ed7e84d6510cf325734b66feb1b419131436672559584b4bf508"
"md","SKILL","bmm","bmm/4-implementation/bmad-checkpoint-preview/SKILL.md","34613078dbea9c55e45df016399328d8360579fd381301a5de78bb52c3597591"
"md","SKILL","bmm","bmm/4-implementation/bmad-code-review/SKILL.md","8cad441a79809e4e8222ca67bdd43ea8df814ccc222b81843054e5613e286d63"
"md","SKILL","bmm","bmm/4-implementation/bmad-correct-course/SKILL.md","5064ef2e7aedfb094bef912d5e4d6680318a1904d9bcdc7875d3dc16bb253ea4"
"md","SKILL","bmm","bmm/4-implementation/bmad-create-story/SKILL.md","692ab872ebaa197931d849a8d01fa28e86a9b3ee2f4acf79318bb3797a91e9aa"
"md","SKILL","bmm","bmm/4-implementation/bmad-dev-auto/SKILL.md","f4243eae074acf5e390d743cb026252ba2ed67d8d9c445bf6a972c0233467fe7"
"md","SKILL","bmm","bmm/4-implementation/bmad-dev-story/SKILL.md","f12801307b157f04d2bde7da104e1ebde3f2898bd3a60326da928d5b9fc793ac"
"md","SKILL","bmm","bmm/4-implementation/bmad-qa-generate-e2e-tests/SKILL.md","9e78729569b2dc8e24e5f8eb016a851c4efd5c1920e2c91e0e3175fc6899d98d"
"md","SKILL","bmm","bmm/4-implementation/bmad-quick-dev/SKILL.md","18c2002a48dee2d4b578c3ce4af5d5d3836855508074a814b59491621cd9cacd"
"md","SKILL","bmm","bmm/4-implementation/bmad-retrospective/SKILL.md","af09b92e4928bbc9e01382497e733ecc9312bf8c1ad680e4f4cc0c4a0ea34253"
"md","SKILL","bmm","bmm/4-implementation/bmad-sprint-planning/SKILL.md","aa828c5ceeb2aa875da324e358844700802c6ad8cb11a97cfb955f37209231de"
"md","SKILL","bmm","bmm/4-implementation/bmad-sprint-status/SKILL.md","a0dcb85d89cbbc6f20651412cf07ccc97f72f605915f03ee70208cc91fb705e9"
"md","source-tree-template","bmm","bmm/1-analysis/bmad-document-project/templates/source-tree-template.md","109bc335ebb22f932b37c24cdc777a351264191825444a4d147c9b82a1e2ad7a"
"md","spec-template","bmm","bmm/4-implementation/bmad-dev-auto/spec-template.md","7c340be50e2a460b91c6148ef05c85a2f012462a0b91fcd7bf1b66bf2373c96c"
"md","spec-template","bmm","bmm/4-implementation/bmad-quick-dev/spec-template.md","68d0e3b9acaa0c22ab3b0dd1dbce9d8ef9b4d16637ed5e6fbd5244528732943e"
"md","spine-template","bmm","bmm/3-solutioning/bmad-architecture/assets/spine-template.md","ef4ff795624eb5439fae54a06edb389feb5a0cf79cb01ae007af51109335d198"
"md","step-01-clarify-and-route","bmm","bmm/4-implementation/bmad-dev-auto/step-01-clarify-and-route.md","53298afe9de0bc9d4fa14dec8d867c7f17b0de649cbcec9a22a2f6b0b44c1c49"
"md","step-01-clarify-and-route","bmm","bmm/4-implementation/bmad-quick-dev/step-01-clarify-and-route.md","c6066ba0d4fd6cb9e3876acf85053f3168973a94c5476d5eab618c6f4d23825a"
"md","step-01-discover","bmm","bmm/3-solutioning/bmad-generate-project-context/steps/step-01-discover.md","8b2c8c7375f8a3c28411250675a28c0d0a9174e6c4e67b3d53619888439c4613"
"md","step-01-document-discovery","bmm","bmm/3-solutioning/bmad-check-implementation-readiness/steps/step-01-document-discovery.md","c763b512d55906122433cb65c1bcd5b5b283e45eacdc07281c8ec7596b6b3980"
"md","step-01-gather-context","bmm","bmm/4-implementation/bmad-code-review/steps/step-01-gather-context.md","d0ee7558605e9d48b5b6f15d9b535542eb6d922613f529bb520326eacade4171"
"md","step-01-init","bmm","bmm/1-analysis/research/bmad-domain-research/domain-steps/step-01-init.md","efee243f13ef54401ded88f501967b8bc767460cec5561b2107fc03fe7b7eab1"
"md","step-01-init","bmm","bmm/1-analysis/research/bmad-market-research/steps/step-01-init.md","64d5501aea0c0005db23a0a4d9ee84cf4e9239f553c994ecc6b1356917967ccc"
"md","step-01-init","bmm","bmm/1-analysis/research/bmad-technical-research/technical-steps/step-01-init.md","c9a1627ecd26227e944375eb691e7ee6bc9f5db29a428a5d53e5d6aef8bb9697"
"md","step-01-orientation","bmm","bmm/4-implementation/bmad-checkpoint-preview/step-01-orientation.md","d9e3b949c36d49a025f3535773af2b51888fe4ce616b6d6d69683a122716b1d2"
"md","step-01-validate-prerequisites","bmm","bmm/3-solutioning/bmad-create-epics-and-stories/steps/step-01-validate-prerequisites.md","7181608c1ee4e55c084c6627d68fc55a8a0b6917e489f8ac77531a0530428a30"
"md","step-02-customer-behavior","bmm","bmm/1-analysis/research/bmad-market-research/steps/step-02-customer-behavior.md","bac4de244049f90d1f2eb95e2cc9389cc84966d9538077fef1ec9c35e4533849"
"md","step-02-design-epics","bmm","bmm/3-solutioning/bmad-create-epics-and-stories/steps/step-02-design-epics.md","7c66987808c1f84e853fe54b7aff26d209196d450b5644704110f124a15179bc"
"md","step-02-domain-analysis","bmm","bmm/1-analysis/research/bmad-domain-research/domain-steps/step-02-domain-analysis.md","385a288d9bbb0adf050bcce4da4dad198a9151822f9766900404636f2b0c7f9d"
"md","step-02-generate","bmm","bmm/3-solutioning/bmad-generate-project-context/steps/step-02-generate.md","b1f063edae66a74026b67a79a245cec7ee85438bafcacfc70dcf6006b495e060"
"md","step-02-plan","bmm","bmm/4-implementation/bmad-dev-auto/step-02-plan.md","a3e67ddd96216ea79a14a7bdef63f2acec0b6fae6d22eaa7a53163440900f443"
"md","step-02-plan","bmm","bmm/4-implementation/bmad-quick-dev/step-02-plan.md","66576a0b14f77d59bf09f550297260ddc175d9181d8d9733fa0ea9c274724955"
"md","step-02-prd-analysis","bmm","bmm/3-solutioning/bmad-check-implementation-readiness/steps/step-02-prd-analysis.md","38be2bf4b924c0b5b395b57d68f685d790ade7b1a6c10993d3c550675f87d954"
"md","step-02-review","bmm","bmm/4-implementation/bmad-code-review/steps/step-02-review.md","950a900442975ed6a47c3def55a1ffa377864f789524d476b4bf377ed8058733"
"md","step-02-technical-overview","bmm","bmm/1-analysis/research/bmad-technical-research/technical-steps/step-02-technical-overview.md","9c7582241038b16280cddce86f2943216541275daf0a935dcab78f362904b305"
"md","step-02-walkthrough","bmm","bmm/4-implementation/bmad-checkpoint-preview/step-02-walkthrough.md","66cf893f8f968ee81034e9ccd8c20415692c3a8c23a9a143c2245fe6c800acdc"
"md","step-03-competitive-landscape","bmm","bmm/1-analysis/research/bmad-domain-research/domain-steps/step-03-competitive-landscape.md","f10aa088ba00c59491507f6519fb314139f8be6807958bb5fd1b66bff2267749"
"md","step-03-complete","bmm","bmm/3-solutioning/bmad-generate-project-context/steps/step-03-complete.md","e61463db76a8fa060411aa24127aee936d646b97564e9e2a883494ea50e68464"
"md","step-03-create-stories","bmm","bmm/3-solutioning/bmad-create-epics-and-stories/steps/step-03-create-stories.md","c5b787a82e4e49ed9cd9c028321ee1689f32b8cd69d89eea609b37cd3d481afc"
"md","step-03-customer-pain-points","bmm","bmm/1-analysis/research/bmad-market-research/steps/step-03-customer-pain-points.md","5b2418ccaaa89291c593efed0311b3895faad1e9181800d382da823a8eb1312a"
"md","step-03-detail-pass","bmm","bmm/4-implementation/bmad-checkpoint-preview/step-03-detail-pass.md","d48163b9f305f15af57729a8443142e47beb6c3e977554afe12b39ee49cb9fc0"
"md","step-03-epic-coverage-validation","bmm","bmm/3-solutioning/bmad-check-implementation-readiness/steps/step-03-epic-coverage-validation.md","7b187f03a47cba0325fcfd10240410db9c59d93768342fc2dd3de2a01ec23356"
"md","step-03-implement","bmm","bmm/4-implementation/bmad-dev-auto/step-03-implement.md","814893db2ca997d82ef5298d83f85b697d19203b9be755837e56af51d9565a2e"
"md","step-03-implement","bmm","bmm/4-implementation/bmad-quick-dev/step-03-implement.md","207e8a1238d725bbbb6068009bb9fa435cb098ee63ded5621e3af2d32f724464"
"md","step-03-integration-patterns","bmm","bmm/1-analysis/research/bmad-technical-research/technical-steps/step-03-integration-patterns.md","005d517a2f962e2172e26b23d10d5e6684c7736c0d3982e27b2e72d905814ad9"
"md","step-03-triage","bmm","bmm/4-implementation/bmad-code-review/steps/step-03-triage.md","8be59185422340843a262ae277332b64ba969fb477c5a8f47624ab58bda3c6f4"
"md","step-04-architectural-patterns","bmm","bmm/1-analysis/research/bmad-technical-research/technical-steps/step-04-architectural-patterns.md","4636f23e9c585a7a0c90437a660609d913f16362c3557fc2e71d408d6b9f46ce"
"md","step-04-customer-decisions","bmm","bmm/1-analysis/research/bmad-market-research/steps/step-04-customer-decisions.md","f0bc25f2179b7490e7a6704159a32fc9e83ab616022355ed53acfe8e2f7059d5"
"md","step-04-final-validation","bmm","bmm/3-solutioning/bmad-create-epics-and-stories/steps/step-04-final-validation.md","6b83fcf177c24c6b43c2eb0df2efc1430cb0f357b3ab20ee8a5c5483c3fee079"
"md","step-04-present","bmm","bmm/4-implementation/bmad-code-review/steps/step-04-present.md","1bded625413479aae5bb2e46a36d4e4156c31dc19f97b98812ecb8734870687c"
"md","step-04-regulatory-focus","bmm","bmm/1-analysis/research/bmad-domain-research/domain-steps/step-04-regulatory-focus.md","d22035529efe91993e698b4ebf297bf2e7593eb41d185a661c357a8afc08977b"
"md","step-04-review","bmm","bmm/4-implementation/bmad-dev-auto/step-04-review.md","d7742250a55139fbd4a8221e5cad7d6b9a5de20b6c034b3619541d0b89698371"
"md","step-04-review","bmm","bmm/4-implementation/bmad-quick-dev/step-04-review.md","9db75caff2e22c61bd2239c1f75557fb2a91f82057b41187f2f8aed97c3fe0c8"
"md","step-04-testing","bmm","bmm/4-implementation/bmad-checkpoint-preview/step-04-testing.md","28a56e868968ea2d18add0df8c4bccced0f94b698e218df3d45ddac072ce369c"
"md","step-04-ux-alignment","bmm","bmm/3-solutioning/bmad-check-implementation-readiness/steps/step-04-ux-alignment.md","f71e5f0d77615e885ae40fdee6b04c1dd6e472c871f87b515fe869cb5f6966fb"
"md","step-05-competitive-analysis","bmm","bmm/1-analysis/research/bmad-market-research/steps/step-05-competitive-analysis.md","17532051ad232cfc859f09ac3b44f9f4d542eb24cff8d07317126ccdff0d225a"
"md","step-05-epic-quality-review","bmm","bmm/3-solutioning/bmad-check-implementation-readiness/steps/step-05-epic-quality-review.md","d8a84e57f4e3a321734b5b5d093458ceb1e338744f18954c5a204f5ce3576185"
"md","step-05-implementation-research","bmm","bmm/1-analysis/research/bmad-technical-research/technical-steps/step-05-implementation-research.md","e2b8a2c79bcebadc85f3823145980fa47d7e7be8d1c112f686c6223c8c138608"
"md","step-05-present","bmm","bmm/4-implementation/bmad-quick-dev/step-05-present.md","ea49ce8703d4946ec54a59ff428d52ad64ab2649f49c43230bec1f3d09e85b55"
"md","step-05-technical-trends","bmm","bmm/1-analysis/research/bmad-domain-research/domain-steps/step-05-technical-trends.md","fd6c577010171679f630805eb76e09daf823c2b9770eb716986d01f351ce1fb4"
"md","step-05-wrapup","bmm","bmm/4-implementation/bmad-checkpoint-preview/step-05-wrapup.md","c2d4dbc17fed4f8ecbfcb09a2f9c77f0d4562bd27397270e2c27ba37cf4fe073"
"md","step-06-final-assessment","bmm","bmm/3-solutioning/bmad-check-implementation-readiness/steps/step-06-final-assessment.md","1b9c8c2a21950f85e052e05309bfcb3bfe38157ba6fca402ccf37444e7f1cee3"
"md","step-06-research-completion","bmm","bmm/1-analysis/research/bmad-market-research/steps/step-06-research-completion.md","4f5d3158a8462656d6959d29544ed5c92cb925641e2205e47af05c124fcd7666"
"md","step-06-research-synthesis","bmm","bmm/1-analysis/research/bmad-domain-research/domain-steps/step-06-research-synthesis.md","805f2cb7005a4fb0c4da52ea38d45de863f3e840e0f2de1456c414831cdbdf59"
"md","step-06-research-synthesis","bmm","bmm/1-analysis/research/bmad-technical-research/technical-steps/step-06-research-synthesis.md","64d9303ef0c9ce839dc3b2d72e94e3e5b4673e82dc7fc9f1571bd0b03b3a43a7"
"md","step-oneshot","bmm","bmm/4-implementation/bmad-quick-dev/step-oneshot.md","0a9f86e6b81c60f7afc60e93edd3188f00b510d1eec845cbd343e0218c05c2e7"
"md","sync-sprint-status","bmm","bmm/4-implementation/bmad-quick-dev/sync-sprint-status.md","c0f2fdb940984206a4b7aa2467fbcb7c4811f648634e43a488593974e9efff5e"
"md","template","bmm","bmm/4-implementation/bmad-create-story/template.md","29ba697368d77e88e88d0e7ac78caf7a78785a7dcfc291082aa96a62948afb67"
"md","validate","bmm","bmm/2-plan-workflows/bmad-prd/references/validate.md","71f28774e85c673a5c48af607af541e6a08e10076a2d46d0763885fafc74f201"
"md","validate","bmm","bmm/2-plan-workflows/bmad-ux/references/validate.md","336d5be5ca860dc6948606b68b5a14fed593d41508ad83e123879bd466c984db"
"md","validate-doc","bmm","bmm/1-analysis/bmad-agent-tech-writer/validate-doc.md","3b8d25f60be191716266726393f2d44b77262301b785a801631083b610d6acc5"
"md","verdict","bmm","bmm/1-analysis/bmad-prfaq/references/verdict.md","1a1cbc34090114d3a2b928456edec1563b73d84fea66c58e98780bf680f172ec"
"md","web-researcher","bmm","bmm/1-analysis/bmad-prfaq/agents/web-researcher.md","6e9127bb9bd3e4b15c701e4ced9eef328769262cd34eadc221bebe954c1f3aef"
"md","write-document","bmm","bmm/1-analysis/bmad-agent-tech-writer/write-document.md","c0ddfd981f765b82cba0921dad331cd1fa32bacdeea1f02320edfd60a0ae7e6f"
"py","lint_spine","bmm","bmm/3-solutioning/bmad-architecture/scripts/lint_spine.py","040e0f1c13d31e6a21c518df943d1d7de7b75d8d98a07603b0983f3f3fb500db"
"py","test_lint_spine","bmm","bmm/3-solutioning/bmad-architecture/scripts/tests/test_lint_spine.py","e86bb9a62c5cca74ddc89c843386f2b992610fcc1792d40e03bc9cd445b77681"
"toml","customize","bmm","bmm/1-analysis/bmad-agent-analyst/customize.toml","7191f4a60ada7dbabe083699b2461f35778af7688924dc6ce05911cf1ffc9054"
"toml","customize","bmm","bmm/1-analysis/bmad-agent-tech-writer/customize.toml","bb828f2d26a136870099226f07c61297ce88ddd335823b7549592932bbe14a2e"
"toml","customize","bmm","bmm/1-analysis/bmad-document-project/customize.toml","3bbb5044fafdd865a5fe0863df116a479f30de7fb95c9cf4213f0b87ba1ba924"
"toml","customize","bmm","bmm/1-analysis/bmad-prfaq/customize.toml","8994f925bab65bd310e5ab38781286b6137f3e0c9e89f3ab8a2f480eb05e0de5"
"toml","customize","bmm","bmm/1-analysis/bmad-product-brief/customize.toml","cdd7b417de5b280ab5bd3af65f69654b05980b5efb48077563827c16391f42d6"
"toml","customize","bmm","bmm/1-analysis/research/bmad-domain-research/customize.toml","462ef14dc1e1f6d145fdfe25e315168fd1fa278ea5f87fe0fa86689234daec2f"
"toml","customize","bmm","bmm/1-analysis/research/bmad-market-research/customize.toml","f47af9158893dd3f7ab81ac03cb07d8c76342eead61ec7c9a8a463066b7db9af"
"toml","customize","bmm","bmm/1-analysis/research/bmad-technical-research/customize.toml","7f567fddb04674f817398addbc06e6d1620883d89dcc7ac643c5a56eef5ac337"
"toml","customize","bmm","bmm/2-plan-workflows/bmad-agent-pm/customize.toml","afc2250de25241ac3577c9827e1ee62d8c7a1913de8eb23aadfffb0aadbadc37"
"toml","customize","bmm","bmm/2-plan-workflows/bmad-agent-ux-designer/customize.toml","3df7da44945f9df34dbb3a64de086c756e6c298e73078e388e8f9a4f57cbf7ab"
"toml","customize","bmm","bmm/2-plan-workflows/bmad-create-prd/customize.toml","0c990af4c0a755402abbef893850bd542744a8b6f36c0587c9f3fb6dab6bf5e7"
"toml","customize","bmm","bmm/2-plan-workflows/bmad-edit-prd/customize.toml","35cc2dfb3eda73a0ae4dc987cac58867b25c43ce5c5a1bf552e215826ede6c22"
"toml","customize","bmm","bmm/2-plan-workflows/bmad-prd/customize.toml","5da1c87df2022c3e31f2c8e343dbead23356fbc5f5e9169eccd3102577ba295f"
"toml","customize","bmm","bmm/2-plan-workflows/bmad-ux/customize.toml","c6f94676004a24eed7ff1d546d5b7e7b3889b84d9bab6bbb56bc297d6eabaeb8"
"toml","customize","bmm","bmm/2-plan-workflows/bmad-validate-prd/customize.toml","bfb3c8af5b81b2cdb9bb84f844f1b0dafc40d8c283effa6ad48db966b9446cef"
"toml","customize","bmm","bmm/3-solutioning/bmad-agent-architect/customize.toml","d9763009d7c20246119c24bcea5eacebd21ad60c22ab191b74c9a5fb6e5f57ad"
"toml","customize","bmm","bmm/3-solutioning/bmad-architecture/customize.toml","137b418e1bb940411a6e77460a7c74af66a6ad732edcc7c7363746995b89e65d"
"toml","customize","bmm","bmm/3-solutioning/bmad-check-implementation-readiness/customize.toml","571d81087b7a6d914cf7c2f21aa26354eac385bb2f5cfeabc591892cbb98d036"
"toml","customize","bmm","bmm/3-solutioning/bmad-create-architecture/customize.toml","618be49b0286f18dfb4b6bac3d96bf1cf062994fa5278cd327be9898e651b43c"
"toml","customize","bmm","bmm/3-solutioning/bmad-create-epics-and-stories/customize.toml","da9e43605bc6aec83173050b5d37ede6aebfa9a17c5959a5029681d73e744ba3"
"toml","customize","bmm","bmm/3-solutioning/bmad-generate-project-context/customize.toml","00b6e893b93a1be7c04408f1824dad72c2c43ee02ba29210725e34394bf8225e"
"toml","customize","bmm","bmm/4-implementation/bmad-agent-dev/customize.toml","01a45ac2420f920cfc934de7b1a884b04017c85641085c93d9aada45d2dccf17"
"toml","customize","bmm","bmm/4-implementation/bmad-checkpoint-preview/customize.toml","1a1e0c3a8914adda3cec925eed51287e067c7f84120de64a8df53348e7b77de5"
"toml","customize","bmm","bmm/4-implementation/bmad-code-review/customize.toml","94ad662fdf3fda372c6e24b2cbda629d0b2aa851097d02afb5905c768b1a1cde"
"toml","customize","bmm","bmm/4-implementation/bmad-correct-course/customize.toml","78095d25afb5b2d4844956f61e9ac640a62d0245174fab9406e9c289f33fd84b"
"toml","customize","bmm","bmm/4-implementation/bmad-create-story/customize.toml","1204f6de064436922f2813069778eb4eaa5f1f945aa8ea5a5ffb87897a2ba8fe"
"toml","customize","bmm","bmm/4-implementation/bmad-dev-auto/customize.toml","bd4302195867ac47dd6bff16761ce1562cf2e480f52265cbf277877b316966da"
"toml","customize","bmm","bmm/4-implementation/bmad-dev-story/customize.toml","592fa7948c4614609a59b152518f518d35e0178d6aa7c22e169d78157fd9f5aa"
"toml","customize","bmm","bmm/4-implementation/bmad-qa-generate-e2e-tests/customize.toml","04a99926b2d79318b927434c7344dc666f143026ed99c7fcc0d6e3d68263ae66"
"toml","customize","bmm","bmm/4-implementation/bmad-quick-dev/customize.toml","ebb082e10f887a68f78ff7dbb000c4f0c71edd528a66eb651f988b9b0c35a372"
"toml","customize","bmm","bmm/4-implementation/bmad-retrospective/customize.toml","4ad7e7e7154b480eac7592d0ecc18680b9567471812e9687550be10d547fa7ff"
"toml","customize","bmm","bmm/4-implementation/bmad-sprint-planning/customize.toml","f7bde2f792e8604f26122ee792c5493e270710296044b07680db7d90e886caf3"
"toml","customize","bmm","bmm/4-implementation/bmad-sprint-status/customize.toml","96261fd227befaa4685b0a5091d3e85299d4ae8e4404176b42f5ef2e2fb501bd"
"yaml","config","bmm","bmm/config.yaml","c3bbc2eb250770e98eab1699f97e834c2c4d2c1b07a9cd7d28cd59e302ef7908"
"yaml","sprint-status-template","bmm","bmm/4-implementation/bmad-sprint-planning/sprint-status-template.yaml","317b65e5fc0844a96b99ea923a1672e8b1f354269a8fd305691be32976a86614"
"toml","config","config.toml","config.toml","fe1604ff6f8bb0dc93dcbdffc31604a4ef7ae692148117bc4fe08a00e2751d96"
"toml","config.user","config.user.toml","config.user.toml","71a7449419af444c96433d02e3383837621d1a3fa52c2f10552ea565b30b8303"
"csv","brain-methods","core","core/bmad-brainstorming/assets/brain-methods.csv","fff112eabca1a9cb8b190f8314bc47678becc5782a2372e11c83daa0e33b6dfd"
"csv","method-matrix","core","core/bmad-brainstorming/analysis/method-matrix.csv","d6c47ab85b9a134d34c35f9c715c553d6c410015f6cf4d107e6870fff6220c64"
"csv","methods","core","core/bmad-advanced-elicitation/methods.csv","d110ff5f076fb9421552b83692fde2c2d367734049169c7a55f7267a3dc7ef89"
"csv","module-help","core","core/module-help.csv","e801caeb1bf6484277867067c60be3c2aeec39beaa75254e64ddf8ce8f3b617d"
"html","brain-selector","core","core/bmad-brainstorming/assets/brain-selector.html","798f27c743b853424aa00d4e41af5c3b515b7a329d6806b5d0a5ebe15e0fbf4e"
"json","brain-icons","core","core/bmad-brainstorming/assets/brain-icons.json","a101c56e89f1d0f9e4131dfdfc19e10c746e3a61c3f92537d04a6f4897b7d331"
"md","catalog-analysis","core","core/bmad-brainstorming/analysis/catalog-analysis.md","d4e742da964674549c7f0c64db82c4e1938f8521e5cf0034c103fd08022e515c"
"md","converge","core","core/bmad-brainstorming/references/converge.md","1528c32ddc64f8061fec663306f7208d2fd4d4a90e660552b8138bda7e452dc0"
"md","create-party","core","core/bmad-party-mode/references/create-party.md","2f810332c36c17d14eb55717aed48f3020acf0713bb9f932479be9fbc3856e9e"
"md","deletion-check","core","core/bmad-review-edge-case-hunter/references/deletion-check.md","0f1f124e4e957147e89164a272b10bedc694ad0d9ad2618c8610ac74ee9cb0da"
"md","finalize","core","core/bmad-brainstorming/references/finalize.md","b6074e7fb4d86ffcf899abc50b9049b4a1f6fe550917f4be7a1c7a888477e07e"
"md","headless","core","core/bmad-brainstorming/references/headless.md","b8ea5951199cff7e4813e06aef35683ca0658230fa015e358cacc466b1138a42"
"md","headless-schemas","core","core/bmad-spec/assets/headless-schemas.md","83afb3614716db2347d83586a67b9c524492dd50db5282436ccb35c99fb5f08a"
"md","in-chat-techniques","core","core/bmad-brainstorming/references/in-chat-techniques.md","18239464e3e4f00ea9063d015d26d6b0a696b72e7e3c5be92352da6db9a3f244"
"md","mode-agent-team","core","core/bmad-party-mode/references/mode-agent-team.md","def759a17f4bb45463b68fb74c2b828b0a4241720b2b6cc1c9c611a1016ae9d7"
"md","mode-auto","core","core/bmad-party-mode/references/mode-auto.md","a37fd24f76dfcde385890d5c5947bb6f40ca44bea86c805d267b6ae3aab39f70"
"md","mode-autonomous","core","core/bmad-brainstorming/references/mode-autonomous.md","79fba5391ef293cebdbbdc765c7edeb3ccf60c04317fef964a4ea64d6b13f260"
"md","mode-facilitator","core","core/bmad-brainstorming/references/mode-facilitator.md","1b908498d285d190859aed00c3ba5b399d7f6aa8e94d54e95456d15cd6fe6073"
"md","mode-partner","core","core/bmad-brainstorming/references/mode-partner.md","caa0ed378c116def4de382f4e5a95173c6ae6cc5464f1792e7d8196360f79c8a"
"md","mode-subagent","core","core/bmad-party-mode/references/mode-subagent.md","86161b24a0b13b8f9cb9309042e4249d8caefff8cc33728b084cd2ec22f9d2e1"
"md","party-memory","core","core/bmad-party-mode/references/party-memory.md","800b4b4b920bb881a7b32aaabca8559a98273799b2476d83a23e290e301fb315"
"md","resume","core","core/bmad-brainstorming/references/resume.md","0f79535d72eefe6c55bd5ae47fe4753de8d27235cf129f10b2c596a124c26526"
"md","SKILL","core","core/bmad-advanced-elicitation/SKILL.md","705cc827cab892855d07dcc926f5c9f749c3abab33e915d6ac1574aec174896b"
"md","SKILL","core","core/bmad-brainstorming/SKILL.md","399ddc752fc786b501ba07fb4b4b038b3d2bb076d36496b6384ef85cf922dd59"
"md","SKILL","core","core/bmad-customize/SKILL.md","6461073f9322f5f2ec64477d6ae5e79c601e36e3160e492fef4bc2d928d4a9a8"
"md","SKILL","core","core/bmad-editorial-review-prose/SKILL.md","b3687fe80567378627bc2a0c5034ae8d65dfeedcf2b6c90da077f4feca462d0c"
"md","SKILL","core","core/bmad-editorial-review-structure/SKILL.md","164444359d74f695a84faf7ea558d0eef39c75561e6b26669f97a165c6f75538"
"md","SKILL","core","core/bmad-forge-idea/SKILL.md","c62ac3a30a4c7a32e3ffd28881d0e9128fc22de1570884d6572c8bfbb7d7db0e"
"md","SKILL","core","core/bmad-help/SKILL.md","718077d741e20d9c94f3c2b7827047f2d18a90b85c3cc2eecd449e28b7b0d642"
"md","SKILL","core","core/bmad-index-docs/SKILL.md","a855d7060414e73ca4fe8e1a3e1cc4d0f2ce394846e52340bdf5a1317e0d234a"
"md","SKILL","core","core/bmad-party-mode/SKILL.md","783fef00cf5a889c80d7bb4ca78ca2a6e4c4390cde290d2e253855cf723cb10a"
"md","SKILL","core","core/bmad-review-adversarial-general/SKILL.md","3b70b004b662c3a094328a8666e0084a94cb6de2e2a7336f23d31c65bca084e7"
"md","SKILL","core","core/bmad-review-edge-case-hunter/SKILL.md","03087a3f1e935f7a111bc2c8e1b44c2cf2cc05d9843e5af3c913a148c70d8c96"
"md","SKILL","core","core/bmad-shard-doc/SKILL.md","3a1538536514725fd4f31aded280ee56b9645fc61d114fd94aacb3ac52304e52"
"md","SKILL","core","core/bmad-spec/SKILL.md","a2baaf6b6bf000403a3b309b3dae48d328ece922e726541924585afbaf131b16"
"md","spec-template","core","core/bmad-spec/assets/spec-template.md","94ef029b842dfa7f296dab4ccf830f0b813af9995bf8bbdcdfc0783a60ee5ffe"
"py","brain","core","core/bmad-brainstorming/scripts/brain.py","b84770d5d55fa17bd99a2ab9076130874dfb7f8cd9b4283cd6413df097bc72b6"
"py","list_customizable_skills","core","core/bmad-customize/scripts/list_customizable_skills.py","8787f542930b927789e7fdf12bc5a67ff08e19865903a5ad05ff2cc8fc426b66"
"py","resolve_party","core","core/bmad-party-mode/scripts/resolve_party.py","663a1ffa8406564c2a08f210f144b08d323596b105b755ae795ca725384e32ac"
"py","resolve_personas","core","core/bmad-forge-idea/scripts/resolve_personas.py","3da694c23e5fb29fe25963e2ea0509e1dd6d8c9f70ac54b00d98044052fd1c6e"
"py","test_brain","core","core/bmad-brainstorming/scripts/tests/test_brain.py","5f150395d5aa95526eb1ded5b7a8bd624a577dd25ff060ac082db3cbb5cc0f77"
"py","test_list_customizable_skills","core","core/bmad-customize/scripts/tests/test_list_customizable_skills.py","24c3d384b3b5d490b7335c17866bfe0425af253ce669c32382fa88feb705934d"
"py","test_resolve_personas","core","core/bmad-forge-idea/scripts/tests/test_resolve_personas.py","1c4fa4b1d68bfbd10e4b38cad3c8286dad62345cebd08fe94a6862351b02855e"
"py","test-resolve_party","core","core/bmad-party-mode/scripts/tests/test-resolve_party.py","bb53fe03ec3013ed96c0fb399c1948f28bcf55cb2d7727fe0189343fcaa667d5"
"toml","customize","core","core/bmad-brainstorming/customize.toml","21fcbc60c78db99ca0424da192ba0942dce2189f350f77838e4d3ecd501edd1c"
"toml","customize","core","core/bmad-forge-idea/customize.toml","ef5fadd1df3550cae00b1b442606bf84d187bfd55397563f143e1057430df45c"
"toml","customize","core","core/bmad-party-mode/customize.toml","fee7fe153c853f949dca6ad20a7c78270fc91e3e88486aefbc9956cfb4c14a84"
"toml","customize","core","core/bmad-spec/customize.toml","b0181ba5d4038feb779a7a082a265df753220f868b66b5adb0fb2ed18401c763"
"yaml","config","core","core/config.yaml","4f25399b0364218e0c14df47bc9969b0c2773f7af930698cee46a0bee22eaaa7"
"file",".gitignore","custom","custom/.gitignore","973b03a33f142c22cf9b65be285bebadd85790b6b55be04637d2f8c716f58fab"
"py","memlog","scripts","scripts/memlog.py","3b00f82ca33dc4227f715123b939514ee35c4f9c71150c894c3d8185df1b48df"
"py","resolve_config","scripts","scripts/resolve_config.py","f41149160898aea80a12861d149b10dc6b2d2b69d7d97eb65cad01f368adac03"
"py","resolve_customization","scripts","scripts/resolve_customization.py","23fb9040b08c7eb975aeabc4245ef50e158516f5082eebc9ae41700641338498"
"csv","module-help","ssa","ssa/module-help.csv","01a80073932f4f0400c457dca39ba40774db25d3651909aee2672dac42128dd0"
"docx","SKILL.md","ssa","ssa/ssa-agent-analyst/SKILL.md.docx","c4eb9adcfec67eda84b2ef87e26945a30b079d0c08a314def98819288140c36a"
"docx","SKILL.md","ssa","ssa/ssa-agent-android-dev/SKILL.md.docx","bbc48da33605281ddf284f5998a2200724952b31bf3597f3a5a9e0f0f6a543e6"
"docx","SKILL.md","ssa","ssa/ssa-agent-dba/SKILL.md.docx","718ad530a60a6b8c2d79c893e358872552523cb916c3459eb044de41418f6d18"
"docx","SKILL.md","ssa","ssa/ssa-agent-devops/SKILL.md.docx","78ebb5eb85b3bfa662bad2485b01847c5b960c86450e2ba9c4beace3a410be98"
"docx","SKILL.md","ssa","ssa/ssa-agent-domain-architect/SKILL.md.docx","8f06193f22d38a119b2dd2593e2c5e9250d6abe6dfd5b16ed1046245d956cad6"
"docx","SKILL.md","ssa","ssa/ssa-agent-engineering-manager/SKILL.md.docx","f3d026a62bd18fe49dc8457ef9581d37d09f0454f6505bf6f38a11327da838af"
"docx","SKILL.md","ssa","ssa/ssa-agent-ios-dev/SKILL.md.docx","bbe350d9ba7c411d8f864cbf22af14d7138812ce319092ac85abfab8c8ee6f6d"
"docx","SKILL.md","ssa","ssa/ssa-agent-java-dev/SKILL.md.docx","df59db6c432f32a79e8c86c9a07a4f44d30df4f15b830cfe19fec8973882cf0f"
"docx","SKILL.md","ssa","ssa/ssa-agent-performance-engineer/SKILL.md.docx","c92a42ea6776e7724f322e2bbdedca4098a35956f93579bb5dd3d118934166a4"
"docx","SKILL.md","ssa","ssa/ssa-agent-product-analyst/SKILL.md.docx","a1290c4dfae85b926fdd6c5deaed223a779ba6c6c231b46ca7ac17057f0b14a7"
"docx","SKILL.md","ssa","ssa/ssa-agent-product-owner/SKILL.md.docx","cfbde9c47d17ab6c42b3e7cc0ccd42a6a77b9c2c6699abc294d46926220452a7"
"docx","SKILL.md","ssa","ssa/ssa-agent-prompt-engineer/SKILL.md.docx","f8cfb361adee16f74bd9f6ad1f164702bb8cc04ec42eb3c4780606c76a291138"
"docx","SKILL.md","ssa","ssa/ssa-agent-sdet-android/SKILL.md.docx","9d9455224af83593cafc6d5f683d55abb9cfa7a430ef76449f5564ab178b613a"
"docx","SKILL.md","ssa","ssa/ssa-agent-sdet-backend/SKILL.md.docx","2da6f8e17d9b9df4d512f19925f772118a391ec2a6799d2ce68521db647a50d1"
"docx","SKILL.md","ssa","ssa/ssa-agent-sdet-frontend/SKILL.md.docx","2596192d9dfa2b6b3db362f6de20bc22633aef98cf428a94cecec0e54b07b2d8"
"docx","SKILL.md","ssa","ssa/ssa-agent-sdet-ios/SKILL.md.docx","4c9668123b2340aa92a3caab4bef4bd6aa7f3fd3b95422eace680764d84a8d55"
"docx","SKILL.md","ssa","ssa/ssa-agent-security/SKILL.md.docx","a03dfb32129983dd5aea7fb70d2a71b248a0f675c4df8c674b45dd80b1c763a7"
"docx","SKILL.md","ssa","ssa/ssa-agent-scrum-master/SKILL.md.docx","7284b02bffc87a1a5da443f1e4faba180f40e4f30f39a6efbb4e148dbbc08399"
"docx","SKILL.md","ssa","ssa/ssa-agent-spec/SKILL.md.docx","10d0c41a77d72b0bc142c8ac2252b96e3c03bb3e76216ad5de03cd2784be33b3"
"docx","SKILL.md","ssa","ssa/ssa-agent-tech-writer/SKILL.md.docx","b9e6f65be423d9d06a62374bb87ba644d11fd340dc0d9346199bb525892c374c"
"docx","SKILL.md","ssa","ssa/ssa-agent-ux-designer/SKILL.md.docx","210efce023178abeb16889e17b442999dd770e66b5586bed183fe59e109765f9"
"docx","SKILL.md","ssa","ssa/ssa-agent-web-dev/SKILL.md.docx","091892c8b79ffd651303bfcd49eec446ab9004957723d2be0c2cafa529e7b877"
"docx","USER_GUIDE.md","ssa","ssa/ssa-agent-analyst/USER_GUIDE.md.docx","c682df0288dd9635ad5ae6e5dccd8127a1b6b20bc34c23844f5343c3cc41929c"
"docx","USER_GUIDE.md","ssa","ssa/ssa-agent-android-dev/USER_GUIDE.md.docx","7269c6916d97c45a11695c98669776d4e9222d3c1792e3fb8cff15a812b1a631"
"docx","USER_GUIDE.md","ssa","ssa/ssa-agent-dba/USER_GUIDE.md.docx","f48677f8b9e4f39d815f4fa22ae4af6f8bb2d931de19b1f6bc41a163ae1c63ff"
"docx","USER_GUIDE.md","ssa","ssa/ssa-agent-devops/USER_GUIDE.md.docx","f75852b5bf28c21376b1e87dbfbb1f8fcd3768c6b2e7fac96fc790e772fb9d38"
"docx","USER_GUIDE.md","ssa","ssa/ssa-agent-domain-architect/USER_GUIDE.md.docx","638daa37f66aa0b4e6319f692117ca12cf4fe1672f15173d7f441f490b7e8df4"
"docx","USER_GUIDE.md","ssa","ssa/ssa-agent-engineering-manager/USER_GUIDE.md.docx","1af1ce0598021faab81e4b1f2e0aae20d0ac2c0e19e673f0dfb90b2c9c1c0dd2"
"docx","USER_GUIDE.md","ssa","ssa/ssa-agent-ios-dev/USER_GUIDE.md.docx","3c72a704009b909b22bbe043902dfd408d355bc346228ec3b0d072afad70bd3a"
"docx","USER_GUIDE.md","ssa","ssa/ssa-agent-java-dev/USER_GUIDE.md.docx","d82311cf7da3de93d2e1ffbcb2f4162eea57d20520555b3432f71d288dc2ae46"
"docx","USER_GUIDE.md","ssa","ssa/ssa-agent-performance-engineer/USER_GUIDE.md.docx","70ed154500b1936de83affc3add81fcf74df0102662252bb49281934f82b51db"
"docx","USER_GUIDE.md","ssa","ssa/ssa-agent-product-analyst/USER_GUIDE.md.docx","6d75da79008fa989264feb62b4317369a827fa9e770382739e695e1bf6affd40"
"docx","USER_GUIDE.md","ssa","ssa/ssa-agent-product-owner/USER_GUIDE.md.docx","7fc75000a82f14258edf90a7187601647abc75a6d1174c0c4d0e9670b983f70f"
"docx","USER_GUIDE.md","ssa","ssa/ssa-agent-prompt-engineer/USER_GUIDE.md.docx","eb45397d588916f215d2dcbbc1b7fac977d26e45fe56a7d5f8c5fcdb58db06f6"
"docx","USER_GUIDE.md","ssa","ssa/ssa-agent-sdet-android/USER_GUIDE.md.docx","b1db6c074d3b9dff8863fb3cf7a5c8ba5cd6b2398c83d407aabe0f49e4e627fd"
"docx","USER_GUIDE.md","ssa","ssa/ssa-agent-sdet-backend/USER_GUIDE.md.docx","60930ef05a34e9bca964a3350507399e25058e11e1e52f40cd1a0c426795b373"
"docx","USER_GUIDE.md","ssa","ssa/ssa-agent-sdet-frontend/USER_GUIDE.md.docx","20b27925b3e157f3768b3b0877df0b7af5377b4aadbecd8eea042aba88e6cc2a"
"docx","USER_GUIDE.md","ssa","ssa/ssa-agent-sdet-ios/USER_GUIDE.md.docx","86b336d83e2d9ad8f9b96c373d51f26e788be99033f43fbd646e409e4c9a78b4"
"docx","USER_GUIDE.md","ssa","ssa/ssa-agent-security/USER_GUIDE.md.docx","38da2f5cd86bd339104e346a6ead618ef98e26509f7970d64e39536abed3288a"
"docx","USER_GUIDE.md","ssa","ssa/ssa-agent-scrum-master/USER_GUIDE.md.docx","be3d22476795864882eb56c549af9dcfd0a764e1994dadf4790492e708639bcd"
"docx","USER_GUIDE.md","ssa","ssa/ssa-agent-spec/USER_GUIDE.md.docx","bbd579d3e43f4a4edf0675b3d17332eae48f885a14ee501b716156f893bd1985"
"docx","USER_GUIDE.md","ssa","ssa/ssa-agent-tech-writer/USER_GUIDE.md.docx","46a453f802de78f2aded583aab0262fbb3b0c15f97a38254f9d1ca827aed61f1"
"docx","USER_GUIDE.md","ssa","ssa/ssa-agent-ux-designer/USER_GUIDE.md.docx","47e7a93f69dd21b00174fc41942d29ecc3d090f7dcef9ecadd47d849ab8c7baa"
"docx","USER_GUIDE.md","ssa","ssa/ssa-agent-web-dev/USER_GUIDE.md.docx","5a78d0c6dd33e088f43f00824e8b1b12c9805d1a337b2c4bdc7e4755589e1744"
"md","SKILL","ssa","ssa/ssa-agent-analyst/SKILL.md","306ea8bbc66fb45b65c52314071a4d31a2f7882559c3ab767ebbbe45476ff6de"
"md","SKILL","ssa","ssa/ssa-agent-android-dev/SKILL.md","0ca4b3c91751a8c5009a245e6cf170b880ca1933c4fd3c9de4e3d4436af1a71b"
"md","SKILL","ssa","ssa/ssa-agent-dba/SKILL.md","ef3b75e40c9d0ef732f7c07d18611ce2fd3103804e794d2bc00f71fe1cccb259"
"md","SKILL","ssa","ssa/ssa-agent-devops/SKILL.md","0d4f835b64c43bfda7b0cea50466843ce4a59af33870100156bc48865fb676dd"
"md","SKILL","ssa","ssa/ssa-agent-domain-architect/SKILL.md","a2121365f9099683f77a35a2fbb5c9741b536ee3e0661c097dc4b2bfe683fd29"
"md","SKILL","ssa","ssa/ssa-agent-engineering-manager/SKILL.md","a1612eb9e7845c8dcc30dc9d8359f937291a87899993c31c5d47d1ae92dec849"
"md","SKILL","ssa","ssa/ssa-agent-ios-dev/SKILL.md","557d2554dbf1a409e05f1df611b75add077807f0784774598b8e17a533d14f3d"
"md","SKILL","ssa","ssa/ssa-agent-java-dev/SKILL.md","287926afa5ecb50a5fe41c6c6c3682a4da3ac2675b0cd88a7fc546fe435e50c9"
"md","SKILL","ssa","ssa/ssa-agent-performance-engineer/SKILL.md","dd07b6a36dd52dbfe2d3bd9abb5611ff3d5d144502e849f032147e4adf5fe99f"
"md","SKILL","ssa","ssa/ssa-agent-product-analyst/SKILL.md","425d0bc50c13abfee72053ccb28fc3f7cee69379f743bb579c3cb9dfca743cb9"
"md","SKILL","ssa","ssa/ssa-agent-product-owner/SKILL.md","7c35a42798509385562841caaa040ee190f3a910a4366fede67ce2b1445f3ed7"
"md","SKILL","ssa","ssa/ssa-agent-prompt-engineer/SKILL.md","0b099646656b9a8034584926ccad860a904c78bec53e7c2c33fa27be10fa4f79"
"md","SKILL","ssa","ssa/ssa-agent-sdet-android/SKILL.md","bcae198269919005ace80d1a2d9411bf1d962c2fed26e3eff6d544e0ece9119c"
"md","SKILL","ssa","ssa/ssa-agent-sdet-backend/SKILL.md","bfc3192c6f512d490401145b726133ad7a5584da2912bac55dfb8a8e469279a2"
"md","SKILL","ssa","ssa/ssa-agent-sdet-frontend/SKILL.md","cf4d1bbf64d52892e044584bbcdc33a223193397ea75b0d3a0c7c347e7af5eef"
"md","SKILL","ssa","ssa/ssa-agent-sdet-ios/SKILL.md","8aa1f0ed05a6ebe54a9fc5ca8284d13b0b9a6b5f9a2d334f77d72864064002c2"
"md","SKILL","ssa","ssa/ssa-agent-security/SKILL.md","b6db7edd7d463c9c08aa27c1829b3d57e18d6dc963bbb4ca4ec541972a1efb45"
"md","SKILL","ssa","ssa/ssa-agent-scrum-master/SKILL.md","2c21312b8bef2695d9272fcc45ee39894f4df5571c2c163e16bc8b90f4f36d8a"
"md","SKILL","ssa","ssa/ssa-agent-spec/SKILL.md","489f227768e9b815c78bc2c93ab7e6806a4ccd929ce684f004521eaf67940fb2"
"md","SKILL","ssa","ssa/ssa-agent-tech-writer/SKILL.md","b2539dbe0f1a7fa380ee85c70b24eec843c218ec53b8aebcf72fe9abdd96aac2"
"md","SKILL","ssa","ssa/ssa-agent-ux-designer/SKILL.md","c1427b46684fa1ee9ce5ff6b655ec6b072cf939ebaa8a53bfedfd9013148bc83"
"md","SKILL","ssa","ssa/ssa-agent-web-dev/SKILL.md","3f788fd6528431c4dac7b72bc96c8b0f040620a88a78a8c2c383514dfe984efe"
"md","USER_GUIDE","ssa","ssa/ssa-agent-analyst/USER_GUIDE.md","47afea5c1f1b9c81a4ea6a7b63590ae21d5e5ba9a84649ad5f726ff723d81160"
"md","USER_GUIDE","ssa","ssa/ssa-agent-android-dev/USER_GUIDE.md","967c9eb01816832b60814d1cd8a3e7031f91d20f18c46357cc36dae2f05362b1"
"md","USER_GUIDE","ssa","ssa/ssa-agent-dba/USER_GUIDE.md","9bc98a3abb8c5587a5e0bc8797921bf716f0c8f84668b08bd03812e08d1c0874"
"md","USER_GUIDE","ssa","ssa/ssa-agent-devops/USER_GUIDE.md","5177aedbd0661e1af99310a5d5519e7111782de9a10bc9b81b381a363ec2101f"
"md","USER_GUIDE","ssa","ssa/ssa-agent-domain-architect/USER_GUIDE.md","51db44421d988595dfec4058d51772878f6c2d38577bafc32cde4795eb43cd04"
"md","USER_GUIDE","ssa","ssa/ssa-agent-engineering-manager/USER_GUIDE.md","0753d5cb4aefff6e6c84dc5a0f1687c45b796da31eabb5a0529dfed1163365aa"
"md","USER_GUIDE","ssa","ssa/ssa-agent-ios-dev/USER_GUIDE.md","2b9f04983ba937eba5b55318716dbc984a42d9d5a73b848a54f5ef9203a83fb7"
"md","USER_GUIDE","ssa","ssa/ssa-agent-java-dev/USER_GUIDE.md","de33e2b7fa3805b24d6385d045e0972e3aeff4b29fe16fef0b785f284da35b7a"
"md","USER_GUIDE","ssa","ssa/ssa-agent-performance-engineer/USER_GUIDE.md","60c97ed51ceb03c5a56479b937dbf4d33649584fbd00786fd6a22cc2361d3fb8"
"md","USER_GUIDE","ssa","ssa/ssa-agent-product-analyst/USER_GUIDE.md","af75430e491b10694b8478e2eb983079d262344f3e950349169ba17d789f4a8c"
"md","USER_GUIDE","ssa","ssa/ssa-agent-product-owner/USER_GUIDE.md","43c993be7a59494ded2b294b2fea7ebd818fcb66a0775ff8bfdd95d476b82b33"
"md","USER_GUIDE","ssa","ssa/ssa-agent-prompt-engineer/USER_GUIDE.md","39894b71c5842bb016f0cfa4b130f9e9e8eaf1e48c74953caa9021552816ad38"
"md","USER_GUIDE","ssa","ssa/ssa-agent-sdet-android/USER_GUIDE.md","3491ec8c74bc9565954447fec5cb4c35ccfb5f49a1ec1cf8752bf23a05a658d5"
"md","USER_GUIDE","ssa","ssa/ssa-agent-sdet-backend/USER_GUIDE.md","409c11d48c5c52b88689301db797d01f3087cac211a140e11d8d6d1cd93ee4d6"
"md","USER_GUIDE","ssa","ssa/ssa-agent-sdet-frontend/USER_GUIDE.md","75e49c87eaa96c863793f0abc81d789a606ca8b959e81ef9bb591ce12da4a5ca"
"md","USER_GUIDE","ssa","ssa/ssa-agent-sdet-ios/USER_GUIDE.md","1b4d95bc07e7ac53dc995815312b67010087401110ddac6cc260f211b174a9a3"
"md","USER_GUIDE","ssa","ssa/ssa-agent-security/USER_GUIDE.md","a14275f5ef473c421ed7a41a7ef6b7437e54356e7b63ad2046ab572ec9a1a48a"
"md","USER_GUIDE","ssa","ssa/ssa-agent-scrum-master/USER_GUIDE.md","84684ff9d4e4f35d98bd6858c84f078454e1f5075cce4626907618e45d174b12"
"md","USER_GUIDE","ssa","ssa/ssa-agent-spec/USER_GUIDE.md","7e2d827a21a4e3c23b9d2ade5d266cf99d1cf1c6f627441ce1197f65ea5a1b98"
"md","USER_GUIDE","ssa","ssa/ssa-agent-tech-writer/USER_GUIDE.md","c5853ccc1150119a348d0d82c56eba39afaaee994220da36233ff3db686178e4"
"md","USER_GUIDE","ssa","ssa/ssa-agent-ux-designer/USER_GUIDE.md","7e31bfcb26a9b4993a459e62181d7dcb1e088d5e2c7d99225b1785109f3c2c44"
"md","USER_GUIDE","ssa","ssa/ssa-agent-web-dev/USER_GUIDE.md","d85d43c88077d171930a971d8236fcb3d7483043368f25eb01407c29a56ba765"
"toml","customize","ssa","ssa/ssa-agent-analyst/customize.toml","95a294bca96b453becd521af2952abe7a2472108d812b393efe7c31ef9e33a74"
"toml","customize","ssa","ssa/ssa-agent-android-dev/customize.toml","25d639e3b17c8fa5acf95a15758a36f396df956e01af725f43811875d98333cd"
"toml","customize","ssa","ssa/ssa-agent-dba/customize.toml","a5a081908503175077d4919d7fded1381332430651867017af364c126e6ece4d"
"toml","customize","ssa","ssa/ssa-agent-devops/customize.toml","b3ef5f1901211cba976a553f0951d1f210723b84c17888826835de4d17b1e215"
"toml","customize","ssa","ssa/ssa-agent-domain-architect/customize.toml","b2b8d491e5a8a903e2d52223687895141f970b964750223aa504c756bc08898d"
"toml","customize","ssa","ssa/ssa-agent-engineering-manager/customize.toml","d5a81142d6d535b905bd8a803d9b050f503966d0c808740b73415f80b2a36b59"
"toml","customize","ssa","ssa/ssa-agent-ios-dev/customize.toml","296a9480e372c28ccf1217e1ea56c1f0b208209bded853b6613712db8b0d66d4"
"toml","customize","ssa","ssa/ssa-agent-java-dev/customize.toml","8cbe660769d9fd1fe1bf76afd2013b41b91f2d266598213c6f217d03e1d973de"
"toml","customize","ssa","ssa/ssa-agent-performance-engineer/customize.toml","025eeab20308dc0a8b6ec81fa572ed2233106d841a6504937d5837f159b74a90"
"toml","customize","ssa","ssa/ssa-agent-product-analyst/customize.toml","9514f4e7e59518a6becb19239d60cd3b3bcbf6715f4c4f88a269552746078148"
"toml","customize","ssa","ssa/ssa-agent-product-owner/customize.toml","cdd2272e579f18cbb087bd3530d511e9527f2fa0a400816996308592c4607ce4"
"toml","customize","ssa","ssa/ssa-agent-prompt-engineer/customize.toml","436e4cf8fcc937a9081f50eb5e34064daa25c49b04bb9e8b9e388af2576919b7"
"toml","customize","ssa","ssa/ssa-agent-sdet-android/customize.toml","1075ab32ffeeb5215f85a9b5b966a70f941383c3ca7979354d435d7919826cce"
"toml","customize","ssa","ssa/ssa-agent-sdet-backend/customize.toml","fa60b39d7257fdc16b9ab0ed7369dc451d8fb60e017a2a46cd2b04a5523e2eca"
"toml","customize","ssa","ssa/ssa-agent-sdet-frontend/customize.toml","0b52d200f45795b6dc052ac72a02892adec63d2655ffb9f5f986e71349391a65"
"toml","customize","ssa","ssa/ssa-agent-sdet-ios/customize.toml","acad44e614ed621858a4a8e7a728f7504068a60f840378534e50d8b233c26292"
"toml","customize","ssa","ssa/ssa-agent-security/customize.toml","153b4ed4d71f91e29d1c9fb5288daa4816c621f0851f938ee6c24091d53a86d7"
"toml","customize","ssa","ssa/ssa-agent-scrum-master/customize.toml","eed1d38814c61bb6971875c44fe7b12282fbc939152365f1d1804c59c62be5e6"
"toml","customize","ssa","ssa/ssa-agent-spec/customize.toml","f48d0411fbb2ca70923a19a8578d2e7b586e9aec5825f74548336fc9addfbf4a"
"toml","customize","ssa","ssa/ssa-agent-tech-writer/customize.toml","356ab0a40943ce3a25cf76d6220f1485b48d804372fa18c2ae22da7134f0abb2"
"toml","customize","ssa","ssa/ssa-agent-ux-designer/customize.toml","d9808e36dac08d9f0951fba4eed2dc7ea214cecb99f7aba9c4eaae422ee32323"
"toml","customize","ssa","ssa/ssa-agent-web-dev/customize.toml","bd79fa1220edfde43eb0c6f2c201efe8c1e6fe14273b1657573202af56df9dcb"
"yaml","config","ssa","ssa/config.yaml","72ee0970943710c08552ba69c75e2156953e2a6e40e81586775102cec81a3780"
